name,projektart,gebaeudetyp,ausbauumfang,zertifizierung,anlagenkonfiguration,waermeerzeuger,waermeabgabe,ebf_m2,bohrmeter,heizleistung_kw,anzahl_einheiten,datum,qualitaet,rabatt_pct,skonto_pct,installierte_leistung_neu_kw,flaeche_fbh_m2,flaeche_tabs_m2,flaeche_deckenstrahlplatten_m2,anzahl_heizkoerper,anzahl_waermemessungen,anzahl_schaltgeraetekombinationen,laufmeter_rohre_heizung,bkp_241.10,bkp_241.11,bkp_241.12,bkp_241.13,bkp_241.14,bkp_242.3,bkp_242.4,bkp_242.5,bkp_242.6,bkp_242.7,bkp_243.1,bkp_243.2a,bkp_243.2b,bkp_243.2c,bkp_243.3a,bkp_243.3b,bkp_243.4a,bkp_243.4b,bkp_243.5,bkp_243.6,bkp_243.7,bkp_243.8,bkp_243.9,bkp_247.5,bkp_247.6,bkp_248.1,bkp_248.2,bkp_248.3,bkp_249.1,bkp_249.2,bkp_249.3,bkp_249.4,bkp_249.5,bkp_249.6,bkp_249.7,bkp_249.8
KV Fake MFH Zürich 1,Neubau,MFH,Mieterausbau,Minergie,monovalent,Luft/Wasser-WP,Heizkörper,4157.0,,358.5,6,2020-06-26,0.85,0,2.0,258.6,,,,76,6,6,1207.0,,,,,,,170150.0,,245450.0,118240.0,60990.0,4340.0,,2520.0,,,,,58650.0,,34260.0,26230.0,122230.0,75610.0,,,147440.0,161800.0,78840.0,158100.0,,129480.0,131810.0,,105730.0,93180.0
KV Fake Werkstatt Basel 2,Sanierung,Werkstatt,nur Verteilung,Minergie,redundant,Wasser/Wasser-WP,FBH,1606.0,,27.4,21,2020-02-26,0.85,2,2.0,17.8,1353.0,,,,21,2,326.0,,,,,,,,14540.0,14860.0,12320.0,72100.0,,,,10950.0,,,,,,58250.0,9100.0,72010.0,70320.0,5590.0,50800.0,22820.0,12340.0,35420.0,63900.0,38580.0,,63540.0,47920.0,15130.0,41200.0
KV Fake MFH Aarau 3,Mischprojekt,MFH,nur Verteilung,Minergie-P,bivalent,Erdsonden-WP,Heizkörper,5596.0,2498.0,353.3,54,2023-06-13,1.0,5,2.0,226.2,,,,13,,5,1697.0,,218550.0,258850.0,176330.0,241050.0,143390.0,,,203130.0,179750.0,,21790.0,17420.0,10980.0,,,,,70600.0,218830.0,,174020.0,47890.0,151000.0,201200.0,61540.0,,116340.0,188140.0,248100.0,,96530.0,75230.0,,115940.0,75500.0
KV Fake Restaurant Wetzikon 4,Neubau,Restaurant,nur Verteilung,Gesetz,monovalent,Gas,FBH,5823.0,,371.7,55,2023-04-18,0.7,8,2.0,215.9,2500.0,,,,55,4,1182.0,,,,,,,,,,,128750.0,,,,251600.0,,,,153390.0,55330.0,254380.0,150070.0,31450.0,140450.0,55970.0,37060.0,,182600.0,46790.0,77680.0,168950.0,160220.0,246070.0,192630.0,114260.0,90840.0
KV Fake EFH Aarau 5,Sanierung,EFH,Vollausbau,Minergie-Eco,kaskadiert,Luft/Wasser-WP;Fernwärme,Heizkörper,718.0,,97.1,17,2024-01-15,0.85,2,2.0,39.9,,,,111,17,3,196.0,,,,,,,56030.0,,,38810.0,30470.0,,,,,,,,10370.0,23790.0,21280.0,16890.0,27670.0,,10500.0,,21370.0,24510.0,15050.0,,,29410.0,27320.0,6620.0,,29260.0
KV Fake Hotel Baden 6,Neubau,Hotel,Grundausbau,LEED,monovalent,Gas,Heizkörper,2316.0,,230.6,56,2020-04-24,0.85,5,2.0,,,,,108,56,4,359.0,,,,,,,,,,,39260.0,42090.0,42450.0,41470.0,,,,,,90470.0,86380.0,36630.0,29090.0,,,91030.0,34100.0,45830.0,59110.0,18170.0,24320.0,32770.0,,77820.0,65920.0,44420.0
KV Fake Gewerbe Zürich 7,Mischprojekt,Gewerbe,Mieterausbau,Gesetz,redundant,Erdsonden-WP;Solarthermie,FBH,3264.0,2271.0,325.5,44,2023-01-07,0.85,8,2.0,,2388.0,,,,44,3,821.0,173300.0,199210.0,,179310.0,156020.0,147460.0,,,130830.0,209260.0,53970.0,,,,102410.0,,,,118600.0,110680.0,48700.0,94690.0,,41990.0,120360.0,,,93590.0,72220.0,88710.0,62430.0,30020.0,132160.0,131180.0,39790.0,105190.0
KV Fake MFH Baden 8,Aufstockung,MFH,nur Verteilung,Minergie,hybrid,Erdsonden-WP,Konvektoren,1060.0,2969.0,193.9,34,2020-11-28,0.7,15,2.0,,,,,,34,2,317.0,216620.0,272800.0,255530.0,218900.0,,74820.0,,,100840.0,,34070.0,,,,,,,,6040.0,27340.0,12390.0,43460.0,34140.0,37260.0,3440.0,36720.0,45630.0,36460.0,30040.0,12950.0,4470.0,33420.0,10530.0,8860.0,4380.0,28310.0
KV Fake EFH Chur 9,Neubau,EFH,nur Erzeugung,Minergie,hybrid,Erdsonden-WP;Solarthermie,FBH;Heizkörper,587.0,1582.0,161.0,14,2020-12-30,0.7,5,2.0,57.5,240.0,,,74,14,3,114.0,,98100.0,,161300.0,113790.0,49460.0,,,77690.0,69950.0,25520.0,10270.0,,8180.0,15960.0,,,,11010.0,6650.0,22240.0,18950.0,18630.0,21390.0,2770.0,18070.0,,2070.0,13850.0,10690.0,13100.0,,,17800.0,24430.0,13220.0
KV Fake Schule Wetzikon 10,Mischprojekt,Schule,Mieterausbau,Minergie,hybrid,Erdsonden-WP,Deckenstrahlplatten,5325.0,1882.0,108.9,30,2020-01-22,0.85,0,2.0,48.8,,,2340.0,,30,5,1546.0,113880.0,120980.0,158900.0,177910.0,159110.0,32290.0,,,64890.0,58890.0,134720.0,,,,,182800.0,,,173170.0,72200.0,,,,186440.0,,124270.0,234390.0,79270.0,,,56110.0,,77320.0,139730.0,44220.0,125760.0
KV Fake Spital Zürich 11,Neubau,Spital,Mieterausbau,Minergie-Eco,bivalent,Erdsonden-WP;Solarthermie,Lufterhitzer,1351.0,1642.0,34.8,56,2024-12-18,1.0,10,2.0,30.2,,,,,,1,471.0,,148300.0,117050.0,135510.0,169140.0,14010.0,,,19310.0,25190.0,16030.0,,,,,,12960.0,,,,37750.0,17190.0,43940.0,43060.0,48760.0,41570.0,28180.0,40800.0,50960.0,,,46550.0,20430.0,,43760.0,32450.0
KV Fake Restaurant Winterthur 12,Aufstockung,Restaurant,Vollausbau,SNBS,monovalent,Erdsonden-WP;Solarthermie,Lufterhitzer,3741.0,2901.0,25.0,15,2026-02-24,0.85,15,2.0,18.9,,,,,,2,1307.0,292170.0,242240.0,220630.0,,,12440.0,,,11260.0,6710.0,,,,,,,29440.0,147120.0,11400.0,83810.0,,109050.0,80680.0,,31810.0,149620.0,15760.0,136810.0,60050.0,,46530.0,29050.0,112990.0,,57080.0,76510.0
KV Fake Restaurant Chur 13,Aufstockung,Restaurant,Grundausbau,Minergie-Eco,kaskadiert,Luft/Wasser-WP,FBH;Wandheizung,1386.0,,245.8,48,2024-06-06,0.7,5,2.0,209.3,740.0,,,,48,6,291.0,,,,,,,184220.0,,79710.0,103870.0,35790.0,,,,22890.0,,,,,37440.0,49300.0,,45210.0,26630.0,51940.0,32990.0,,38510.0,55050.0,34770.0,46210.0,42270.0,,60580.0,44480.0,53740.0
KV Fake Industrie Schaffhausen 14,Mischprojekt,Industrie,Mieterausbau,LEED,redundant,Pellets/Holz,Konvektoren,5273.0,,28.8,5,2023-02-15,1.0,5,2.0,10.6,,,,,5,1,1259.0,,,,,,,,,,,215900.0,,,,,,,,,80790.0,48060.0,141150.0,53460.0,,153060.0,217980.0,,72070.0,17900.0,215410.0,50810.0,92350.0,157320.0,71210.0,59940.0,122830.0
KV Fake Industrie Baden 15,Umbau,Industrie,nur Verteilung,Minergie-P,kaskadiert,Wasser/Wasser-WP,Deckenstrahlplatten,425.0,,334.6,26,2022-07-08,1.0,15,2.0,,,,180.0,,,3,130.0,,,,,,,,217810.0,115460.0,210060.0,13430.0,,,,,,,,,1980.0,1870.0,3620.0,7110.0,4860.0,16920.0,10230.0,4210.0,18130.0,6540.0,15630.0,2620.0,5300.0,13310.0,16370.0,2890.0,6000.0
KV Fake Restaurant Winterthur 16,Neubau,Restaurant,Mieterausbau,LEED,redundant,Gas,Deckenstrahlplatten,3632.0,,331.6,24,2025-03-14,0.85,10,2.0,,,,968.0,,24,4,1205.0,,,,,,,,,,,73180.0,,,,,,,,57320.0,25720.0,31590.0,113170.0,155200.0,124120.0,,26000.0,73150.0,15890.0,78530.0,141390.0,,93950.0,65610.0,39850.0,,80260.0
KV Fake Werkstatt Basel 17,Umbau,Werkstatt,nur Verteilung,Gesetz,monovalent,Pellets/Holz,Lufterhitzer,1688.0,,63.5,37,2023-06-07,0.85,12,2.0,,,,,,37,2,519.0,,,,,,,,,,,24720.0,,,,,,75080.0,61680.0,,14410.0,60960.0,6180.0,14050.0,13120.0,,30730.0,37110.0,48670.0,69490.0,26450.0,7270.0,65130.0,12720.0,36510.0,27900.0,
KV Fake Schule Frauenfeld 18,Umbau,Schule,nur Verteilung,LEED,kaskadiert,Luft/Wasser-WP;Fernwärme,Lufterhitzer,2471.0,,245.0,19,2018-10-28,1.0,15,2.0,,,,,,19,6,692.0,,,,,,,149550.0,,116570.0,102770.0,50590.0,,,,,,,76440.0,23250.0,14380.0,17090.0,,91660.0,68280.0,41620.0,,76460.0,97510.0,107920.0,43910.0,29490.0,30690.0,,45560.0,66990.0,95120.0
KV Fake Spital Winterthur 19,Mischprojekt,Spital,nur Verteilung,Gesetz,kaskadiert,Gas,Deckenstrahlplatten,465.0,,120.2,49,2022-01-20,0.85,7,2.0,,,,172.0,,49,2,139.0,,,,,,,,,,,3190.0,,,,,8740.0,,,4470.0,7730.0,13040.0,4430.0,2370.0,,9680.0,9480.0,11400.0,3560.0,12980.0,7420.0,20620.0,,19860.0,16320.0,3740.0,9810.0
KV Fake Industrie Aarau 20,Umbau,Industrie,nur Verteilung,LEED,monovalent,Luft/Wasser-WP;Fernwärme,Lufterhitzer,711.0,,346.8,3,2020-07-03,1.0,10,2.0,,,,,,3,5,164.0,,,,,,,136900.0,,254240.0,,15870.0,,,,,,12940.0,5290.0,14090.0,,24400.0,25400.0,,17980.0,,12620.0,21410.0,,,7310.0,,4380.0,20880.0,18970.0,22470.0,21330.0
KV Fake Hotel Luzern 21,Mischprojekt,Hotel,Mieterausbau,Minergie,bivalent,Erdsonden-WP,Konvektoren,2821.0,1938.0,131.6,18,2020-10-26,0.7,2,2.0,44.7,,,,,,1,787.0,125030.0,153540.0,208750.0,120260.0,171670.0,,,,65890.0,62540.0,107680.0,,,,,,,,18450.0,13100.0,125880.0,80710.0,117220.0,100220.0,14670.0,48110.0,74570.0,38320.0,122730.0,26280.0,,117080.0,86190.0,23740.0,18500.0,84710.0
KV Fake Büro Chur 22,Sanierung,Büro,nur Verteilung,Gesetz,redundant,Gas,FBH;Wandheizung,3198.0,,22.0,20,2024-03-24,0.7,7,2.0,22.0,1527.0,,,,20,1,804.0,,,,,,,,,,,108810.0,,,,98500.0,,,,92610.0,30310.0,,93510.0,106460.0,,106250.0,91610.0,114870.0,41720.0,114950.0,35650.0,86210.0,112940.0,77140.0,31360.0,,126850.0
KV Fake Werkstatt Zürich 23,Neubau,Werkstatt,nur Erzeugung,Minergie-P,kaskadiert,Erdsonden-WP,Heizkörper,1925.0,1568.0,308.8,18,2018-04-29,0.85,8,2.0,,,,,118,18,1,448.0,123400.0,100480.0,119060.0,,120370.0,,,,,150150.0,67130.0,11010.0,2960.0,4720.0,,,,,55000.0,68530.0,15630.0,57430.0,10850.0,46190.0,56870.0,63870.0,5900.0,51910.0,,48100.0,82860.0,69360.0,7420.0,9290.0,35960.0,34650.0
KV Fake Hotel Uster 24,Neubau,Hotel,Grundausbau,LEED,redundant,Gas,Heizkörper,4698.0,,298.0,22,2024-06-19,0.85,7,2.0,,,,,27,,6,1141.0,,,,,,,,,,,138750.0,4340.0,10850.0,4020.0,,,,,,,115790.0,121240.0,162730.0,,168170.0,79590.0,,189600.0,190620.0,206230.0,112260.0,116560.0,157560.0,,176360.0,77470.0
KV Fake Hotel Frauenfeld 25,Neubau,Hotel,Mieterausbau,Minergie-P,bivalent,Luft/Wasser-WP;Fernwärme,FBH;Wandheizung,1250.0,,185.9,29,2026-01-12,0.85,15,2.0,,995.0,,,,29,6,347.0,,,,,,,120940.0,,135040.0,,44770.0,,,,,,,,,22980.0,33530.0,39400.0,23280.0,33880.0,24650.0,16850.0,,29950.0,33240.0,17420.0,56060.0,51870.0,10190.0,27480.0,27120.0,
KV Fake Werkstatt Basel 26,Sanierung,Werkstatt,Mieterausbau,LEED,monovalent,Luft/Wasser-WP;Fernwärme,Deckenstrahlplatten,5381.0,,342.8,46,2024-01-08,1.0,12,2.0,,,,2355.0,,46,4,835.0,,,,,,,148930.0,,180250.0,100480.0,242050.0,,,,,134950.0,,,202220.0,,161310.0,169850.0,214560.0,160740.0,,113920.0,28670.0,,,,176450.0,228790.0,207330.0,159670.0,44430.0,136710.0
KV Fake Werkstatt Baden 27,Mischprojekt,Werkstatt,Grundausbau,SNBS,kaskadiert,Luft/Wasser-WP,FBH;Heizkörper,4055.0,,292.4,39,2020-09-27,1.0,0,2.0,281.9,3185.0,,,38,39,5,946.0,,,,,,,145910.0,,115450.0,143710.0,128830.0,7980.0,,20010.0,115490.0,,,,134510.0,158760.0,34440.0,107820.0,91610.0,54390.0,,77590.0,54450.0,39360.0,110550.0,142130.0,99830.0,64710.0,,98250.0,48810.0,20770.0
KV Fake Spital Frauenfeld 28,Aufstockung,Spital,nur Erzeugung,Minergie-P,kaskadiert,Erdsonden-WP,Heizkörper,2756.0,1351.0,354.7,47,2020-01-07,1.0,0,2.0,154.7,,,,75,47,4,691.0,99960.0,127020.0,,107670.0,103970.0,222570.0,,,,177360.0,,,23750.0,28420.0,,,,,46230.0,27080.0,93850.0,47200.0,69890.0,42970.0,50910.0,121690.0,100490.0,87910.0,,120210.0,98110.0,91770.0,28010.0,80000.0,25370.0,11920.0
KV Fake Gewerbe Uster 29,Neubau,Gewerbe,Vollausbau,Minergie-Eco,monovalent,Erdsonden-WP;Solarthermie,FBH;Heizkörper,2654.0,2415.0,93.5,33,2019-06-12,0.85,3,2.0,93.4,1696.0,,,53,33,2,642.0,210860.0,249670.0,241940.0,203360.0,178590.0,67390.0,,,59430.0,55640.0,61440.0,28080.0,12070.0,18390.0,51940.0,,,,94130.0,,,16770.0,81080.0,31810.0,38180.0,38240.0,,34630.0,,33120.0,19130.0,60620.0,23290.0,116970.0,,106130.0
KV Fake Restaurant Aarau 30,Aufstockung,Restaurant,Grundausbau,Minergie-P,monovalent,Wasser/Wasser-WP,FBH,5475.0,,49.4,37,2022-10-12,0.85,0,2.0,43.8,4747.0,,,,37,4,1684.0,,,,,,,,,33900.0,13280.0,155030.0,,,,93470.0,,,,163890.0,220910.0,,79160.0,92470.0,165500.0,19660.0,84270.0,60840.0,163300.0,114780.0,108600.0,,126220.0,18000.0,119150.0,92220.0,148160.0
KV Fake Werkstatt St. Gallen 31,Sanierung,Werkstatt,Mieterausbau,LEED,monovalent,Erdsonden-WP,Heizkörper,2953.0,1707.0,76.5,44,2022-05-13,0.85,5,2.0,30.1,,,,24,44,5,664.0,180330.0,170870.0,167440.0,153270.0,147270.0,32960.0,,,23420.0,53660.0,75420.0,,21180.0,30260.0,,,,,120340.0,15760.0,,78800.0,92300.0,11560.0,9230.0,17920.0,95720.0,16330.0,131170.0,44470.0,,,99310.0,55300.0,64490.0,55680.0
KV Fake Werkstatt Baden 32,Neubau,Werkstatt,nur Verteilung,Minergie,redundant,Pellets/Holz,Lufterhitzer,976.0,,397.2,26,2018-05-09,1.0,5,2.0,,,,,,,4,278.0,,,,,,,,,,,24730.0,,,,,,13070.0,14230.0,32650.0,,20110.0,39150.0,,7060.0,,31760.0,,19420.0,11830.0,5240.0,14790.0,32910.0,27440.0,16070.0,8800.0,11990.0
KV Fake Schule Chur 33,Sanierung,Schule,Vollausbau,SNBS,kaskadiert,Gas,FBH;Heizkörper,3868.0,,179.5,32,2026-01-16,0.85,8,2.0,,2337.0,,,43,32,5,947.0,,,,,,,,,,,60460.0,24140.0,18300.0,18170.0,,,,,44640.0,161430.0,26630.0,42550.0,121050.0,153530.0,,129270.0,89480.0,65700.0,14100.0,167900.0,,89410.0,109790.0,160270.0,137590.0,98300.0
KV Fake Schule St. Gallen 34,Sanierung,Schule,Mieterausbau,Minergie-P,kaskadiert,Erdsonden-WP;Solarthermie,Konvektoren,862.0,2380.0,392.8,31,2021-03-30,0.7,7,2.0,355.4,,,,,,1,174.0,211720.0,160940.0,188000.0,202220.0,224300.0,259560.0,,,224230.0,131240.0,8710.0,,,,,,,,20270.0,22210.0,4710.0,,36810.0,30260.0,33090.0,28190.0,,16100.0,26730.0,20080.0,2830.0,3020.0,12530.0,3210.0,26990.0,35520.0
KV Fake EFH Wetzikon 35,Neubau,EFH,nur Verteilung,Minergie,monovalent,Luft/Wasser-WP,Deckenstrahlplatten,4947.0,,117.9,26,2025-01-01,0.85,8,2.0,,,,1325.0,,26,1,1389.0,,,,,,,74250.0,,,62060.0,,,,,,,,,,105000.0,132410.0,34650.0,23680.0,195210.0,113640.0,,,201690.0,21680.0,80180.0,136810.0,162920.0,30830.0,,188260.0,201120.0
KV Fake Industrie Rapperswil 36,Sanierung,Industrie,Grundausbau,LEED,redundant,Erdsonden-WP,Lufterhitzer,606.0,598.0,183.3,54,2020-01-27,0.85,0,2.0,,,,,,54,2,134.0,48790.0,55630.0,,59740.0,38330.0,,,,103920.0,74850.0,,,,,,,,10980.0,5190.0,,15940.0,2490.0,4190.0,10080.0,9250.0,3970.0,24860.0,16380.0,,5350.0,14370.0,,12540.0,3780.0,8090.0,16930.0
KV Fake Restaurant Baden 37,Umbau,Restaurant,Vollausbau,Minergie,monovalent,Erdsonden-WP,FBH;Wandheizung,2194.0,2642.0,253.8,52,2019-01-23,0.85,8,2.0,183.3,1640.0,,,,52,2,752.0,197020.0,223380.0,190540.0,266380.0,173560.0,138600.0,,,149960.0,184390.0,71860.0,,,,33430.0,,,,82050.0,44280.0,64940.0,67280.0,79290.0,,50740.0,53270.0,70320.0,79450.0,89100.0,65390.0,,67180.0,66200.0,,69010.0,75940.0
KV Fake EFH Winterthur 38,Aufstockung,EFH,Vollausbau,Gesetz,monovalent,Luft/Wasser-WP,TABS,2841.0,,165.6,50,2018-04-27,0.7,7,2.0,97.9,,1945.0,,,50,6,507.0,,,,,,,79100.0,,81390.0,77680.0,46580.0,,,,,,,,105200.0,,85840.0,28130.0,37630.0,,,122890.0,56850.0,,60090.0,,32070.0,54920.0,33080.0,105020.0,,
KV Fake Büro Frauenfeld 39,Mischprojekt,Büro,Mieterausbau,Minergie-P,monovalent,Erdsonden-WP;Solarthermie,Heizkörper,1795.0,2911.0,347.1,34,2020-12-26,1.0,15,2.0,309.6,,,,84,34,6,523.0,264100.0,,,,201300.0,175430.0,,,110700.0,119010.0,57660.0,30600.0,17590.0,,,,,,39390.0,,6110.0,,78050.0,42700.0,36720.0,42230.0,,,27410.0,45920.0,,61360.0,46830.0,,,67450.0
KV Fake Schwimmhalle Wetzikon 40,Sanierung,Schwimmhalle,Vollausbau,LEED,bivalent,Luft/Wasser-WP;Fernwärme,TABS,5942.0,,54.4,54,2023-02-10,0.85,0,2.0,47.4,,2826.0,,,,2,1141.0,,,,,,,32340.0,,30200.0,30360.0,220850.0,,,,,,,,160100.0,166780.0,,90860.0,255510.0,242470.0,51660.0,120550.0,,181510.0,50940.0,,79610.0,115830.0,,174510.0,36670.0,209710.0
KV Fake Schwimmhalle Baden 41,Aufstockung,Schwimmhalle,Mieterausbau,LEED,monovalent,Erdsonden-WP;Solarthermie,Konvektoren,2166.0,2603.0,16.0,50,2024-11-19,1.0,7,2.0,,,,,,50,4,682.0,198200.0,227410.0,,258780.0,255390.0,,,,10690.0,,20870.0,,,,,,,,96730.0,97080.0,86750.0,86050.0,14990.0,14000.0,65530.0,,72540.0,45550.0,,,13590.0,53750.0,7230.0,17470.0,69640.0,27330.0
KV Fake EFH Uster 42,Neubau,EFH,Vollausbau,Minergie-P,monovalent,Wasser/Wasser-WP,FBH;Heizkörper,2482.0,,328.1,56,2024-04-29,1.0,2,2.0,,1196.0,,,49,,6,744.0,,,,,,,,183090.0,117660.0,104990.0,,23160.0,41630.0,35470.0,70100.0,,,,37150.0,10240.0,98750.0,70710.0,,74810.0,90190.0,47670.0,73960.0,,8700.0,40440.0,94900.0,64400.0,,110370.0,,8880.0
KV Fake MFH Bern 43,Umbau,MFH,Vollausbau,Minergie-Eco,kaskadiert,Wasser/Wasser-WP,FBH;Wandheizung,2714.0,,169.9,41,2017-10-11,0.85,15,2.0,60.4,2335.0,,,,,2,698.0,,,,,,,,96360.0,100330.0,,91350.0,,,,14740.0,,,,,59820.0,43400.0,92570.0,,88100.0,,67760.0,90300.0,,,38780.0,96080.0,,39140.0,,73870.0,
KV Fake Schwimmhalle Winterthur 44,Aufstockung,Schwimmhalle,Mieterausbau,Gesetz,bivalent,Pellets/Holz,FBH;Heizkörper,2396.0,,113.2,7,2025-03-17,1.0,12,2.0,,973.0,,,10,7,4,800.0,,,,,,,,,,,,1240.0,4800.0,2230.0,99350.0,,,,90310.0,19200.0,12490.0,59090.0,,95440.0,85030.0,15880.0,44310.0,86130.0,31600.0,104990.0,85270.0,62190.0,22340.0,9590.0,71180.0,8150.0
KV Fake MFH Schaffhausen 45,Sanierung,MFH,nur Erzeugung,LEED,redundant,Wasser/Wasser-WP,Heizkörper,1470.0,,393.5,27,2019-06-13,0.85,3,2.0,371.8,,,,119,,4,427.0,,,,,,,,290120.0,,,,5570.0,12860.0,8840.0,,,,,23860.0,47670.0,24050.0,9020.0,52560.0,14010.0,,29510.0,63970.0,23440.0,11810.0,,55430.0,6900.0,24650.0,,26370.0,46220.0
KV Fake Büro Bern 46,Sanierung,Büro,Vollausbau,Minergie-Eco,hybrid,Erdsonden-WP;Solarthermie,TABS,840.0,763.0,54.2,51,2026-06-10,0.85,5,2.0,,,377.0,,,51,6,140.0,80780.0,,53320.0,76650.0,,35470.0,,,,14920.0,17800.0,,,,,,,,20020.0,17570.0,34560.0,18260.0,,24290.0,20120.0,19420.0,,17310.0,30650.0,37590.0,3210.0,27690.0,30090.0,22480.0,12060.0,
KV Fake Gewerbe Rapperswil 47,Mischprojekt,Gewerbe,Vollausbau,Minergie-P,monovalent,Pellets/Holz,Konvektoren,3318.0,,310.2,15,2024-05-21,0.85,5,2.0,270.3,,,,,,1,1005.0,,,,,,,,,,,90180.0,,,,,,,,64080.0,148130.0,,54270.0,59950.0,107980.0,89060.0,,126550.0,145180.0,34420.0,,,12730.0,56180.0,122340.0,34680.0,130950.0
KV Fake MFH Zürich 48,Neubau,MFH,Grundausbau,SNBS,redundant,Luft/Wasser-WP,Heizkörper,5125.0,,346.4,5,2020-12-22,0.85,15,2.0,137.0,,,,25,,4,1580.0,,,,,,,199040.0,,,206720.0,184770.0,2960.0,,3330.0,,,,,,219600.0,99670.0,223130.0,,213630.0,62920.0,217000.0,,66600.0,51510.0,34470.0,152940.0,111510.0,69090.0,,38630.0,
KV Fake Restaurant Zürich 49,Aufstockung,Restaurant,nur Erzeugung,Minergie,bivalent,Erdsonden-WP;Solarthermie,FBH;Wandheizung,2302.0,1647.0,159.5,54,2023-04-20,1.0,10,2.0,83.4,2016.0,,,,54,2,754.0,,,179360.0,179960.0,156840.0,92000.0,,,74500.0,,101110.0,,,,60480.0,,,,59130.0,35660.0,,60050.0,12180.0,,,67340.0,16280.0,68610.0,52690.0,,52440.0,32530.0,44370.0,43790.0,,
KV Fake Restaurant Frauenfeld 50,Aufstockung,Restaurant,Mieterausbau,Minergie,hybrid,Wasser/Wasser-WP,FBH,1161.0,,283.1,7,2025-01-16,0.85,12,2.0,251.6,939.0,,,,7,5,334.0,,,,,,,,151840.0,113080.0,191650.0,,,,,28680.0,,,,51400.0,,25380.0,11630.0,12880.0,,,13330.0,10690.0,19070.0,42850.0,,30400.0,28820.0,4090.0,32130.0,8970.0,
KV Fake Spital Frauenfeld 51,Mischprojekt,Spital,nur Verteilung,Gesetz,monovalent,Luft/Wasser-WP;Fernwärme,Heizkörper,4779.0,,349.0,57,2020-12-14,0.7,5,2.0,220.3,,,,27,57,2,1308.0,,,,,,,157350.0,,240630.0,95850.0,68250.0,22990.0,21840.0,45240.0,,,,,209530.0,74650.0,169700.0,160620.0,32260.0,197680.0,111580.0,89390.0,,27510.0,95300.0,119570.0,49210.0,54630.0,,,,54300.0
KV Fake Restaurant St. Gallen 52,Sanierung,Restaurant,nur Verteilung,Minergie-Eco,redundant,Erdsonden-WP,FBH,1679.0,862.0,203.2,29,2018-09-16,0.85,12,2.0,188.2,1300.0,,,,29,3,261.0,,85330.0,61260.0,60630.0,73840.0,149060.0,,,98970.0,,,,,,20820.0,,,,71540.0,55060.0,68180.0,37400.0,26340.0,49010.0,5560.0,73190.0,44630.0,24970.0,39010.0,24530.0,24560.0,72180.0,18320.0,21980.0,,62160.0
KV Fake Werkstatt Schaffhausen 53,Aufstockung,Werkstatt,Mieterausbau,LEED,monovalent,Gas,FBH,4036.0,,399.0,17,2019-12-18,1.0,8,2.0,397.5,3261.0,,,,17,6,785.0,,,,,,,,,,,145160.0,,,,126000.0,,,,155420.0,160680.0,,,,149130.0,43140.0,69000.0,,138260.0,145700.0,56280.0,156400.0,158970.0,172180.0,,96940.0,76810.0
KV Fake Industrie Baden 54,Sanierung,Industrie,Vollausbau,Minergie,monovalent,Luft/Wasser-WP,Lufterhitzer,2632.0,,234.2,59,2019-05-01,0.85,7,2.0,,,,,,59,6,914.0,,,,,,,65340.0,,83070.0,126030.0,,,,,,,94090.0,,55360.0,60670.0,,88670.0,106500.0,66600.0,,,32910.0,42400.0,,41740.0,,,58300.0,65830.0,83820.0,
KV Fake Hotel Zürich 55,Aufstockung,Hotel,Grundausbau,Minergie,hybrid,Erdsonden-WP;Solarthermie,FBH,1602.0,949.0,295.0,9,2025-10-26,0.85,3,2.0,,1275.0,,,,9,6,322.0,59250.0,88350.0,57880.0,76720.0,82910.0,96340.0,,,166720.0,171350.0,22970.0,,,,14030.0,,,,11870.0,12730.0,,,,,40010.0,52140.0,7460.0,18780.0,27050.0,,65820.0,49820.0,,,53490.0,
KV Fake Werkstatt Chur 56,Sanierung,Werkstatt,Grundausbau,Minergie-Eco,monovalent,Wasser/Wasser-WP,Konvektoren,585.0,,328.1,56,2026-02-13,0.85,7,2.0,125.0,,,,,,1,89.0,,,,,,,,,135940.0,238710.0,19770.0,,,,,,,,10180.0,,12970.0,18710.0,12120.0,5850.0,,25870.0,4300.0,13610.0,12520.0,20900.0,22950.0,19620.0,13620.0,23560.0,3310.0,2060.0
KV Fake Spital Wetzikon 57,Mischprojekt,Spital,nur Verteilung,Minergie,redundant,Pellets/Holz,Lufterhitzer,3259.0,,280.0,40,2024-12-02,0.85,5,2.0,,,,,,40,2,1036.0,,,,,,,,,,,144980.0,,,,,,,31260.0,126380.0,20020.0,42750.0,16670.0,97830.0,41940.0,119450.0,127030.0,26030.0,99210.0,,86040.0,,,94510.0,79360.0,101690.0,59510.0
KV Fake Gewerbe Winterthur 58,Neubau,Gewerbe,nur Erzeugung,Minergie-P,kaskadiert,Pellets/Holz,Konvektoren,4385.0,,154.9,29,2025-05-23,0.85,5,2.0,115.2,,,,,,5,1116.0,,,,,,,,,,,21590.0,,,,,,,,,,146040.0,,47690.0,85510.0,157070.0,33000.0,183810.0,121600.0,96120.0,189260.0,,110830.0,,167640.0,106770.0,45790.0
KV Fake Büro St. Gallen 59,Mischprojekt,Büro,Grundausbau,Gesetz,bivalent,Gas,Lufterhitzer,3173.0,,163.1,39,2023-02-22,0.85,8,2.0,64.2,,,,,39,6,1038.0,,,,,,,,,,,121870.0,,,,,,51350.0,83290.0,37470.0,101020.0,27200.0,139480.0,,94390.0,110900.0,87190.0,104150.0,128640.0,126460.0,11220.0,,16590.0,,114200.0,100590.0,
KV Fake Schule Frauenfeld 60,Neubau,Schule,Grundausbau,SNBS,monovalent,Wasser/Wasser-WP,Konvektoren,884.0,,349.2,48,2018-03-21,0.85,12,2.0,299.5,,,,,48,6,250.0,,,,,,,,154970.0,257680.0,183700.0,,,,,,,,,25690.0,34960.0,36490.0,26700.0,22950.0,31470.0,13570.0,,9590.0,,16660.0,23320.0,,12120.0,29000.0,,,4540.0
KV Fake Werkstatt Zürich 61,Mischprojekt,Werkstatt,Mieterausbau,Minergie-Eco,hybrid,Luft/Wasser-WP;Fernwärme,Lufterhitzer,715.0,,287.5,34,2023-04-09,0.85,12,2.0,194.3,,,,,34,2,234.0,,,,,,,119470.0,,208480.0,140140.0,24730.0,,,,,,5590.0,9360.0,29730.0,3340.0,13600.0,5550.0,23890.0,,25280.0,17420.0,11050.0,11760.0,,,25370.0,20970.0,21050.0,22730.0,8320.0,28530.0
KV Fake Werkstatt Chur 62,Aufstockung,Werkstatt,Vollausbau,LEED,redundant,Luft/Wasser-WP,FBH,2918.0,,142.7,6,2025-06-14,0.85,3,2.0,100.2,1499.0,,,,6,4,701.0,,,,,,,58250.0,,44120.0,,16500.0,,,,14330.0,,,,52590.0,44280.0,83090.0,122330.0,109510.0,,,100270.0,112860.0,86460.0,117460.0,115030.0,126090.0,,26080.0,,57050.0,19190.0
KV Fake Hotel Bern 63,Umbau,Hotel,Grundausbau,Minergie-Eco,redundant,Pellets/Holz,FBH;Heizkörper,1217.0,,100.0,54,2022-04-04,1.0,2,2.0,,1054.0,,,75,54,5,200.0,,,,,,,,,,,16460.0,,46640.0,35290.0,18230.0,,,,,,20430.0,39100.0,,44940.0,12270.0,43810.0,36410.0,22030.0,20600.0,26420.0,28540.0,,7840.0,45890.0,13690.0,35680.0
KV Fake MFH Aarau 64,Neubau,MFH,nur Verteilung,LEED,monovalent,Pellets/Holz,FBH;Wandheizung,4684.0,,96.9,3,2018-03-02,0.7,12,2.0,,2222.0,,,,3,5,1389.0,,,,,,,,,,,105470.0,,,,92110.0,,,,144420.0,172720.0,46680.0,101840.0,,143780.0,158830.0,84640.0,109980.0,,22470.0,192630.0,106450.0,23190.0,77810.0,116620.0,178290.0,121140.0
KV Fake Industrie St. Gallen 65,Umbau,Industrie,nur Erzeugung,Minergie-P,kaskadiert,Gas,Heizkörper,3245.0,,159.9,59,2022-10-21,0.85,8,2.0,101.9,,,,82,59,2,772.0,,,,,,,,,,,79860.0,15500.0,,45000.0,,,,,66240.0,25180.0,75020.0,97950.0,42940.0,,28100.0,131140.0,,,80150.0,141830.0,129470.0,121670.0,39250.0,73980.0,39630.0,29190.0
KV Fake Büro Frauenfeld 66,Mischprojekt,Büro,nur Verteilung,LEED,kaskadiert,Wasser/Wasser-WP,FBH;Heizkörper,4428.0,,146.9,30,2025-03-16,0.85,8,2.0,64.9,3674.0,,,69,30,2,1200.0,,,,,,,,,80780.0,75760.0,30620.0,24790.0,4530.0,19770.0,91520.0,,,,143030.0,187810.0,156240.0,162920.0,168980.0,92410.0,155720.0,28870.0,114400.0,14300.0,14610.0,109950.0,51490.0,89320.0,,122150.0,112990.0,127080.0
KV Fake Gewerbe St. Gallen 67,Aufstockung,Gewerbe,nur Erzeugung,SNBS,hybrid,Luft/Wasser-WP;Fernwärme,Konvektoren,1319.0,,230.3,31,2022-02-05,0.7,15,2.0,,,,,,,6,229.0,,,,,,,147750.0,,69120.0,148090.0,37970.0,,,,,,,,6840.0,39180.0,49560.0,37210.0,,24500.0,44090.0,26150.0,19830.0,7140.0,13670.0,4550.0,55520.0,14750.0,32240.0,38040.0,23890.0,58010.0
KV Fake Schule Schaffhausen 68,Neubau,Schule,nur Erzeugung,Minergie-P,redundant,Erdsonden-WP;Solarthermie,FBH;Wandheizung,3641.0,2229.0,214.3,48,2024-10-03,0.85,5,2.0,186.6,1868.0,,,,,4,1223.0,162840.0,145610.0,,239280.0,240370.0,140700.0,,,127960.0,113920.0,126760.0,,,,81090.0,,,,100660.0,,,,162960.0,46080.0,157030.0,12410.0,48890.0,,136480.0,,83800.0,147680.0,155760.0,150070.0,41460.0,144380.0
KV Fake Gewerbe Winterthur 69,Umbau,Gewerbe,Grundausbau,Minergie,hybrid,Luft/Wasser-WP;Fernwärme,Lufterhitzer,1189.0,,56.1,59,2024-11-01,1.0,15,2.0,,,,,,59,3,295.0,,,,,,,39190.0,,27790.0,39720.0,14660.0,,,,,,6270.0,27450.0,28660.0,37840.0,,38440.0,37980.0,,32580.0,34170.0,30960.0,27110.0,21840.0,14080.0,22160.0,17530.0,,,14980.0,
KV Fake Gewerbe Wetzikon 70,Sanierung,Gewerbe,nur Verteilung,Minergie-Eco,hybrid,Erdsonden-WP;Solarthermie,TABS,1131.0,1630.0,384.3,10,2026-04-12,0.85,8,2.0,,,724.0,,,10,6,241.0,118250.0,101690.0,,,118520.0,114580.0,,,145990.0,203200.0,19740.0,,,,,,,,20070.0,32160.0,34260.0,49920.0,18840.0,40190.0,7120.0,25420.0,44640.0,47500.0,32480.0,46480.0,,18280.0,37140.0,22180.0,40490.0,38920.0
KV Fake Restaurant Frauenfeld 71,Mischprojekt,Restaurant,nur Erzeugung,Minergie,monovalent,Pellets/Holz,FBH,1013.0,,105.3,17,2025-03-26,1.0,3,2.0,100.6,645.0,,,,17,4,258.0,,,,,,,,,,,7460.0,,,,6630.0,,,,19630.0,34420.0,8420.0,10300.0,,41980.0,22920.0,42810.0,8790.0,25980.0,22460.0,40360.0,30260.0,41710.0,12700.0,,20580.0,
KV Fake MFH Chur 72,Neubau,MFH,nur Verteilung,Minergie,monovalent,Wasser/Wasser-WP,Konvektoren,3350.0,,279.8,32,2019-02-10,0.7,0,2.0,,,,,,32,1,870.0,,,,,,,,,131100.0,169970.0,126610.0,,,,,,,,21190.0,82740.0,96330.0,48300.0,84890.0,36500.0,,,,73750.0,79270.0,31460.0,13160.0,49740.0,,11200.0,,
KV Fake Hotel Baden 73,Umbau,Hotel,nur Erzeugung,Minergie-P,hybrid,Pellets/Holz,Konvektoren,5988.0,,193.5,51,2026-01-23,0.85,2,2.0,163.1,,,,,51,4,1116.0,,,,,,,,,,,80860.0,,,,,,,,21140.0,197700.0,263170.0,268090.0,,41590.0,70390.0,259710.0,57850.0,205260.0,48680.0,93110.0,31060.0,262740.0,127150.0,,165010.0,79100.0
KV Fake Spital Winterthur 74,Neubau,Spital,nur Erzeugung,LEED,kaskadiert,Luft/Wasser-WP,Lufterhitzer,4694.0,,110.8,32,2025-01-19,0.85,0,2.0,,,,,,,1,822.0,,,,,,,82080.0,,69620.0,52010.0,,,,,,,84690.0,,109760.0,72180.0,51500.0,,158470.0,177980.0,123400.0,,,66000.0,14220.0,88810.0,,,167070.0,156230.0,120340.0,117400.0
KV Fake Schwimmhalle Bern 75,Aufstockung,Schwimmhalle,Grundausbau,SNBS,monovalent,Wasser/Wasser-WP,FBH;Wandheizung,3953.0,,57.5,34,2025-06-19,1.0,3,2.0,36.8,1776.0,,,,34,4,1113.0,,,,,,,,34540.0,24910.0,16410.0,46510.0,,,,159580.0,,,,,21940.0,167630.0,73130.0,148610.0,18610.0,,168690.0,27980.0,100130.0,,53160.0,41560.0,80790.0,,71290.0,122310.0,39550.0
KV Fake Schwimmhalle St. Gallen 76,Umbau,Schwimmhalle,nur Erzeugung,SNBS,monovalent,Gas,FBH;Heizkörper,3343.0,,246.0,60,2021-02-01,0.85,12,2.0,182.8,2718.0,,,46,60,5,866.0,,,,,,,,,,,87290.0,25200.0,52190.0,,,,,,12320.0,,10950.0,40190.0,118360.0,125490.0,81810.0,90290.0,,31950.0,134940.0,46010.0,90130.0,40560.0,,77780.0,136260.0,125090.0
KV Fake Spital Frauenfeld 77,Neubau,Spital,Mieterausbau,Gesetz,redundant,Pellets/Holz,FBH;Wandheizung,747.0,,36.5,50,2021-01-15,1.0,8,2.0,,383.0,,,,50,5,251.0,,,,,,,,,,,22080.0,,,,,,,,12260.0,12500.0,7050.0,33530.0,25860.0,5070.0,26910.0,,17170.0,19440.0,14740.0,24140.0,17330.0,,20170.0,33520.0,9840.0,15730.0
KV Fake EFH Dübendorf 78,Mischprojekt,EFH,Vollausbau,LEED,bivalent,Erdsonden-WP;Solarthermie,Lufterhitzer,2285.0,2104.0,138.5,39,2022-04-17,0.7,7,2.0,,,,,,39,2,434.0,205950.0,138060.0,,223730.0,212520.0,,,,42330.0,36200.0,58490.0,,,,,,57070.0,53210.0,20420.0,8620.0,70530.0,,,82590.0,11950.0,7650.0,32890.0,70200.0,8690.0,69180.0,43390.0,16410.0,90040.0,24750.0,50810.0,8920.0
KV Fake Schwimmhalle Chur 79,Umbau,Schwimmhalle,Mieterausbau,Minergie-P,bivalent,Erdsonden-WP;Solarthermie,FBH;Heizkörper,405.0,2026.0,278.5,23,2022-10-29,1.0,5,2.0,,340.0,,,118,,1,137.0,144410.0,161360.0,,174310.0,209960.0,127740.0,,,129010.0,153920.0,3460.0,13470.0,6940.0,,16500.0,,,,8530.0,14310.0,10820.0,,,13450.0,,3690.0,,17760.0,6370.0,15190.0,13770.0,,,,,11710.0
KV Fake Spital Baden 80,Mischprojekt,Spital,nur Verteilung,Minergie,kaskadiert,Luft/Wasser-WP,TABS,4218.0,,153.3,45,2019-05-06,0.7,12,2.0,,,1896.0,,,,4,1032.0,,,,,,,,,69640.0,109260.0,52080.0,,,,,,,,48590.0,44020.0,90480.0,134510.0,169900.0,150170.0,158690.0,82480.0,113980.0,126280.0,19480.0,,168160.0,56190.0,186950.0,,148210.0,46290.0
KV Fake Industrie Baden 81,Aufstockung,Industrie,Mieterausbau,Minergie-P,bivalent,Luft/Wasser-WP,FBH;Wandheizung,1978.0,,368.8,45,2018-05-02,0.7,10,2.0,239.9,969.0,,,,45,6,513.0,,,,,,,151850.0,,,257540.0,79250.0,,,,,,,,59820.0,19560.0,13510.0,58610.0,,66320.0,56780.0,,9580.0,,78320.0,19400.0,,10200.0,66590.0,29920.0,,85720.0
KV Fake Spital Frauenfeld 82,Neubau,Spital,Mieterausbau,Gesetz,bivalent,Erdsonden-WP;Solarthermie,Konvektoren,3398.0,1683.0,17.2,57,2022-11-11,0.7,10,2.0,12.4,,,,,57,5,699.0,169990.0,116530.0,,113210.0,,9490.0,,,5050.0,,33220.0,,,,,,,,104520.0,91870.0,148100.0,61600.0,,56270.0,127260.0,130550.0,,27610.0,57180.0,40140.0,18500.0,149960.0,22710.0,96510.0,111070.0,131190.0
KV Fake Schwimmhalle Basel 83,Sanierung,Schwimmhalle,nur Verteilung,SNBS,monovalent,Luft/Wasser-WP,Konvektoren,3262.0,,258.3,32,2024-03-14,1.0,5,2.0,161.5,,,,,,6,1043.0,,,,,,,193590.0,,107680.0,146910.0,,,,,,,,,48370.0,51950.0,54160.0,,56550.0,94180.0,,,56080.0,135300.0,98240.0,95710.0,83350.0,117200.0,111520.0,50800.0,53010.0,38320.0
KV Fake Hotel Frauenfeld 84,Sanierung,Hotel,Vollausbau,Minergie,monovalent,Pellets/Holz,FBH,2233.0,,159.5,35,2023-09-23,0.85,15,2.0,144.4,1732.0,,,,,3,652.0,,,,,,,,,,,14840.0,,,,41550.0,,,,35080.0,23110.0,10210.0,15380.0,81640.0,21150.0,52040.0,35810.0,78870.0,,55110.0,25940.0,,87810.0,,10830.0,88470.0,90090.0
KV Fake Schwimmhalle Uster 85,Neubau,Schwimmhalle,Mieterausbau,Gesetz,kaskadiert,Pellets/Holz,Deckenstrahlplatten,3941.0,,95.8,13,2023-02-16,0.85,5,2.0,,,,1582.0,,13,2,807.0,,,,,,,,,,,,,,,,96910.0,,,69810.0,35250.0,58710.0,23620.0,67890.0,33350.0,123630.0,,,41450.0,109940.0,127580.0,63540.0,129820.0,100130.0,136920.0,33640.0,164050.0
KV Fake EFH Bern 86,Aufstockung,EFH,nur Erzeugung,Minergie-P,redundant,Gas,Konvektoren,2982.0,,379.8,10,2022-01-07,0.85,8,2.0,,,,,,,4,738.0,,,,,,,,,,,,,,,,,,,,114870.0,52610.0,72560.0,98400.0,,17830.0,66680.0,38830.0,28860.0,17220.0,95870.0,131710.0,51800.0,30620.0,101550.0,113740.0,
KV Fake Restaurant Wetzikon 87,Mischprojekt,Restaurant,Mieterausbau,SNBS,monovalent,Pellets/Holz,Konvektoren,1304.0,,383.0,5,2024-12-29,1.0,7,2.0,333.9,,,,,,6,407.0,,,,,,,,,,,40110.0,,,,,,,,19880.0,28400.0,51970.0,47420.0,54220.0,43220.0,58150.0,37400.0,50340.0,7330.0,56920.0,,57510.0,,5620.0,36230.0,42890.0,27750.0
KV Fake Werkstatt Bern 88,Umbau,Werkstatt,Grundausbau,Minergie-Eco,monovalent,Luft/Wasser-WP,FBH;Wandheizung,5107.0,,153.7,27,2024-02-15,1.0,3,2.0,47.8,3885.0,,,,27,4,1762.0,,,,,,,,,,104530.0,164480.0,,,,149000.0,,,,106290.0,97840.0,106430.0,,172100.0,73070.0,138950.0,,,94380.0,221610.0,,128230.0,176320.0,126200.0,146180.0,150590.0,158760.0
KV Fake Spital Chur 89,Mischprojekt,Spital,Mieterausbau,SNBS,monovalent,Wasser/Wasser-WP,FBH,2973.0,,212.4,31,2020-12-09,0.85,7,2.0,69.0,2561.0,,,,,6,913.0,,,,,,,,119930.0,113940.0,84080.0,12330.0,,,,24750.0,,,,,40390.0,43280.0,101500.0,122560.0,91230.0,30820.0,38410.0,,13050.0,129710.0,111520.0,102910.0,56760.0,99570.0,,114040.0,
KV Fake EFH Wetzikon 90,Sanierung,EFH,Vollausbau,Minergie,bivalent,Erdsonden-WP;Solarthermie,Konvektoren,2018.0,2798.0,302.3,49,2022-12-30,0.85,8,2.0,274.8,,,,,49,4,457.0,242060.0,181500.0,217380.0,253290.0,206020.0,196850.0,,,163870.0,177650.0,63000.0,,,,,,,,50120.0,90230.0,6950.0,,,50570.0,35850.0,27400.0,,10880.0,81820.0,56860.0,,13380.0,37920.0,60970.0,21710.0,
KV Fake Schule Chur 91,Umbau,Schule,Mieterausbau,Minergie-Eco,redundant,Erdsonden-WP,Konvektoren,5559.0,2200.0,121.4,28,2021-03-03,1.0,3,2.0,41.7,,,,,28,1,1121.0,151570.0,,154070.0,203000.0,,56530.0,,,36800.0,46070.0,,,,,,,,,,198140.0,,169110.0,,,52070.0,108040.0,,196690.0,110980.0,206330.0,,106430.0,198750.0,,248190.0,87380.0
KV Fake Werkstatt Uster 92,Neubau,Werkstatt,Vollausbau,Minergie-P,kaskadiert,Pellets/Holz,Lufterhitzer,759.0,,192.0,50,2022-03-31,1.0,3,2.0,,,,,,50,3,219.0,,,,,,,,,,,22380.0,,,,,,4980.0,25720.0,,,21180.0,4290.0,12090.0,28870.0,34020.0,,,3640.0,,23550.0,23890.0,7030.0,31760.0,,,17300.0
KV Fake MFH Bern 93,Mischprojekt,MFH,Grundausbau,LEED,redundant,Luft/Wasser-WP,FBH,1282.0,,34.2,20,2024-11-20,1.0,15,2.0,,581.0,,,,20,5,249.0,,,,,,,15840.0,,25350.0,14090.0,34860.0,,,,,,,,46550.0,35780.0,10350.0,,41340.0,27470.0,6040.0,,36820.0,4690.0,4190.0,,,51600.0,47320.0,41130.0,38300.0,26030.0
KV Fake Spital Winterthur 94,Umbau,Spital,Vollausbau,SNBS,monovalent,Gas,Konvektoren,3789.0,,48.9,53,2022-01-15,0.85,8,2.0,48.4,,,,,,5,843.0,,,,,,,,,,,97260.0,,,,,,,,133960.0,55360.0,,120420.0,86860.0,,18230.0,56730.0,64570.0,132060.0,,158550.0,,88560.0,,126170.0,63240.0,
KV Fake Gewerbe Wetzikon 95,Sanierung,Gewerbe,Vollausbau,Minergie-P,monovalent,Erdsonden-WP,TABS,4505.0,2718.0,349.9,25,2024-11-12,1.0,15,2.0,,,1613.0,,,,4,836.0,225290.0,,199730.0,167440.0,201210.0,,,,160640.0,125940.0,43180.0,,,,,,,,193790.0,122900.0,56980.0,112240.0,54470.0,101070.0,,178620.0,95680.0,189000.0,186410.0,92560.0,,152300.0,94060.0,166720.0,32060.0,29240.0
KV Fake Industrie Baden 96,Neubau,Industrie,Grundausbau,Minergie,monovalent,Wasser/Wasser-WP,TABS,3992.0,,49.9,31,2022-04-21,1.0,10,2.0,,,1938.0,,,31,6,922.0,,,,,,,,21720.0,28280.0,14240.0,67790.0,,,,,,,,,57210.0,102920.0,144040.0,,135340.0,,125090.0,30580.0,115780.0,41360.0,23210.0,46300.0,51990.0,,169440.0,172780.0,136890.0
KV Fake Hotel Uster 97,Umbau,Hotel,Mieterausbau,Minergie-P,kaskadiert,Gas,FBH;Wandheizung,1880.0,,39.4,23,2018-11-07,1.0,12,2.0,26.5,1528.0,,,,,4,515.0,,,,,,,,,,,80290.0,,,,79930.0,,,,,41790.0,,28410.0,14280.0,60680.0,74730.0,55170.0,82200.0,16060.0,40690.0,28660.0,,23980.0,56540.0,32710.0,31410.0,60660.0
KV Fake Restaurant Bern 98,Mischprojekt,Restaurant,nur Erzeugung,Minergie-P,kaskadiert,Luft/Wasser-WP,Deckenstrahlplatten,1279.0,,115.1,31,2021-02-15,0.85,0,2.0,111.6,,,493.0,,31,5,265.0,,,,,,,77080.0,,67120.0,,6050.0,,,,,10630.0,,,13750.0,5700.0,22310.0,32840.0,,53280.0,30660.0,,21040.0,,56240.0,41730.0,19410.0,56520.0,11740.0,52550.0,40860.0,52190.0
KV Fake Werkstatt Uster 99,Umbau,Werkstatt,nur Verteilung,Gesetz,monovalent,Erdsonden-WP,FBH;Wandheizung,3820.0,640.0,99.8,23,2026-04-03,0.85,15,2.0,,2993.0,,,,23,1,984.0,59890.0,,44620.0,57760.0,67470.0,32330.0,,,43390.0,39150.0,168290.0,,,,25510.0,,,,82730.0,140400.0,140720.0,79460.0,33850.0,25270.0,87610.0,169760.0,,132770.0,,158170.0,100630.0,132630.0,,,100320.0,
KV Fake Spital Zürich 100,Sanierung,Spital,Mieterausbau,Minergie-Eco,kaskadiert,Gas,Konvektoren,1580.0,,319.6,10,2022-02-09,0.85,10,2.0,205.9,,,,,10,2,246.0,,,,,,,,,,,37460.0,,,,,,,,44480.0,36630.0,21860.0,69390.0,29510.0,5900.0,43340.0,,50750.0,8250.0,46960.0,7970.0,47140.0,,,55480.0,15830.0,25720.0
